timestamp,actual_next_price,consensus_mid_pred,consensus_micro_pred,ema_estimate_pred,kalman_filter_pred
1763959384.28769,110.77114029255318,110.77114029255318,108.38408909574467,110.77114029255318,110.77114029255318
1763959404.244169,111.20364389375685,110.77114029255318,108.38408909574467,110.77114029255318,110.77114029255318
1763959430.2871838,109.56816575258989,111.20364389375685,108.85514101861993,110.83601583273372,110.95087341012506
1763967600.098207,114.48500866551129,112.38356128487467,112.38356128487467,111.06814765055486,111.39927791431758
1763972096.000129,112.99870876531573,114.02274771609275,114.31885453267743,111.51133766038555,112.08371883637558
1763975998.941779,113.58649166928639,113.90899946709298,114.40959943156585,111.87098693139166,112.50589962570324
1763976568.553866,111.6153012048193,111.69323243243244,111.69323243243244,111.84432375654777,112.33247534275844
1763976574.274231,113.06585365853658,111.85447640966628,111.85447640966628,111.84584665451554,112.23583783863
1763976589.8737411,112.98068635461657,112.08313286713287,112.08313286713287,111.88143958640813,112.20606680792777
1763976595.852737,112.400900090009,112.83901933985572,112.74218054569374,112.02507654942526,112.32648966979748
1763976595.970808,112.99470445110032,112.400900090009,112.400900090009,112.08145008051282,112.34041638984635
1763976596.0330062,112.47233243967827,112.99470445110032,112.99470445110032,112.21843823610095,112.46153225695859
1763976596.101224,112.53250970078803,112.47233243967827,112.47233243967827,112.25652236663754,112.46351676224498
1763976597.034827,112.50500000000001,112.53250970078803,112.53250970078803,112.29792046676012,112.47613128508864
1763976600.7981818,113.20922456426965,112.49652104574687,112.49652104574687,112.32771055360813,112.47984691343774
1763976600.809925,112.67922614103564,113.20922456426965,113.77544223475334,112.45993765520736,112.61246488355512
1763976600.902625,113.07715452848129,112.67922614103564,112.67922614103564,112.49283092808159,112.6245854670622
1763976601.071362,113.1503798285166,113.07715452848129,113.54137331623177,112.58047946814155,112.706667333574
1763976601.1333802,112.99345454545455,113.1503798285166,113.09854513639569,112.66596452219781,112.78708863595077
1763976601.631706,114.22101668606908,113.22034912718205,113.22034912718205,112.74912221294545,112.8655800296362
1763976601.730772,113.05063829787233,114.22101668606908,114.22101668606908,112.969906383914,113.11106243787184
1763976602.974313,113.16172442941672,113.22433088865606,113.11835412896465,113.00807005962531,113.13157225071794
1763976604.10534,113.10636152313482,113.18718165475894,113.07814617141109,113.03493679889534,113.14164021516295
1763976609.635573,113.17608978803192,113.47457040635078,113.47457040635078,113.10088184001366,113.20191099803539
1763976616.260781,113.2640064102564,113.36704701389321,113.57013151146889,113.14080661609559,113.23180394776372
1763976635.166453,113.11380557398805,113.15955590386625,112.40308254963426,113.14361900926119,113.2187261335229
1763976635.299229,113.8197817388141,113.11380557398805,112.98720637027206,113.13914699397021,113.19973470367567
1763976636.847114,113.04063106000454,113.33868495582281,113.37547652544829,113.16907768824811,113.22488530377622
1763976636.9101539,113.3334442640897,113.04063106000454,112.59272675017402,113.14981069401158,113.19153489891464
1763976637.190733,113.32833865814698,113.3334442640897,113.20156385187423,113.1773557295233,113.21722057758002
1763976637.730738,113.45527611070332,113.32123695518722,113.39718845917741,113.19893791337289,113.23604749782427
1763976638.5842502,114.04550510712693,113.45527611070332,113.41105004101723,113.23738864297245,113.27572763485803
1763976640.2507432,113.56552121722167,113.65003022196618,113.82069517605476,113.2992848798215,113.34347581954113
1763976657.287912,113.43338557993732,113.63960495739738,113.97271882261812,113.35033289145788,113.39707464127072
1763976709.7735639,113.5182663664704,113.46544999499504,113.59423021439231,113.36760045698846,113.40945043876863
1763976709.810362,113.32054717914612,113.5182663664704,113.76193280221685,113.39020034341074,113.42914588148506
1763976710.623884,113.44,113.55452631578947,113.55452631578947,113.41484923926754,113.45183945176584
1763976711.3511198,113.53759240196626,113.44,113.255,113.4186218533774,113.44969653895517
1763976711.559045,113.43534207448033,113.53759240196626,113.47207845682189,113.43646743566573,113.46560547894518
1763976728.082937,114.03368876080691,113.80026843184571,113.90064809184724,113.49103758509273,113.52617865990294
1763976728.129653,114.03620454545455,114.03368876080691,114.03368876080691,113.57243526144985,113.61803674500518
1763976728.283324,114.31301160370074,114.03620454545455,114.29463636363637,113.64200065405055,113.69372408733365
1763976728.333654,113.95336734693878,114.31301160370074,114.19204527334207,113.74265229649808,113.80581359787159
1763976729.35075,113.73716346153846,114.01093577106799,113.8998108400565,113.78289481768357,113.84294020331812
1763976738.67292,114.21420382165604,114.1076593270749,114.1076593270749,113.83160949409226,113.89085370824762
1763976779.022523,114.31003304874692,114.27381117386057,114.29792129936472,113.8979397460575,113.9601680588656
1763976779.830963,114.31813559322038,114.3015382428206,114.22670173443277,113.95847952057196,114.0219552141596
1763976783.776737,114.33691588785045,114.32712328767124,114.32712328767121,114.01377608563683,114.0771898770453
1763976784.156356,114.3078924614969,114.33691588785045,114.37579439252336,114.06224705596887,114.12419963931738
1763976784.362156,114.39763057508216,114.3078924614969,114.3078924614969,114.09909386679809,114.15744758337384
1763976787.123415,114.3168584579977,114.39763057508216,114.47222811352894,114.14387437304069,114.20092010756771
1763976787.364349,114.25946167915934,114.3168584579977,114.3803008384021,114.16982198578424,114.22190466064446
1763976793.94653,114.33212529208859,114.3273483975098,114.28418492045192,114.19345094754306,114.24098971475088
1763976799.289872,114.35212499999999,114.35357859531773,114.41172240802678,114.21747009470926,114.26136802208374
1763976806.933957,114.56289156626507,114.4189561830208,114.4189561830208,114.24769300795597,114.28989108722295
1763976807.1841369,114.44246433249548,114.56289156626507,114.56289156626507,114.29497279170234,114.33930349484571
1763976828.740491,114.53934931506849,114.50929138504453,114.50929138504453,114.32712058070365,114.37007088012449
1763976832.970657,114.33828375286039,114.42149779735684,114.42149779735684,114.34127716320162,114.3793790242173
1763976833.048598,114.49098814229248,114.33828375286039,114.33828375286039,114.34082815165043,114.37194088232819
1763976836.29197,114.38350229426808,114.38980442653164,114.44248741784973,114.3481745928826,114.37517413939241
1763976836.3018491,114.37704321837538,114.38350229426808,114.45176422282623,114.35347374809042,114.37668151470808
1763976877.7723498,114.26956144358155,114.34817166002621,114.371073714039,114.35267843488079,114.3715213019309
1763976877.898145,114.2299423631124,114.26956144358155,114.23950662402925,114.3402108861859,114.35306682120213
1763976881.587955,114.24310457516341,114.28226605443639,114.32311505361763,114.33151916142347,114.34025205853966
1763976912.295275,114.20879209844558,114.21340084227893,114.26181454695987,114.31380141355179,114.31729230394838
1763976912.4227788,114.16259483823453,114.20879209844558,114.25032383419688,114.29805001628586,114.29765403665486
1763976948.0544891,114.31549677714632,114.31365942655135,114.33719234091359,114.30039142782567,114.3005509724115
1763976954.6527889,114.29163934426228,114.28398976982096,114.35424552429667,114.29793117912496,114.29755343593988
1763976955.197761,114.31076923076924,114.29163934426228,114.3588524590164,114.29698740389554,114.29648300005799
1763977025.05335,114.23652631578949,114.258115942029,114.25811594202901,114.29115668461554,114.28953865799576
1763977084.040291,114.16550050197776,114.1720338983051,114.1720338983051,114.27328826666897,114.26827058879392
1763977084.7711308,114.13693832065506,114.16550050197776,114.13548223222917,114.25712010196528,114.24966945872875
1763977084.8451772,114.07170505194904,114.13693832065506,114.13693832065506,114.23909283476874,114.22926540316485
1763977084.979176,114.02538693618948,114.07170505194904,114.07170505194905,114.21398466734578,114.20074737153837
1763977135.8253498,114.03942848227359,114.02973684210525,114.05578947368421,114.18634749355971,114.16979489111293
1763977137.433865,114.03177514792898,114.03942848227359,114.03942848227359,114.1643096418668,114.14619889540955
1763977167.4943051,113.99499999999999,114.0081343283582,114.03029850746269,114.14088334484049,114.12120955221958
1763977167.5414422,114.00290419161675,113.99499999999999,114.028,114.1190008431144,114.09836593722389
1763977167.6989172,114.00290419161675,114.00290419161675,114.03155688622755,114.10158634538976,114.0810875987375
1763977167.779048,114.00290419161675,114.00290419161675,114.03155688622755,114.08678402232381,114.06693659653594
1763977167.897991,114.00290419161675,114.00290419161675,114.03155688622755,114.07420204771775,114.05534689053114
1763977168.48325,114.00290419161675,114.00290419161675,114.03155688622755,114.0635073693026,114.04585489248292
1763977168.562423,114.00290419161675,114.00290419161675,114.03155688622755,114.05441689264973,114.03808092246935
1763977168.643025,114.08360000000002,114.00290419161675,114.03155688622755,114.04668998749479,114.03171402168988
1763977169.363165,114.00290419161675,113.99499999999999,114.028,114.03893648937057,114.02506887509298
1763977169.4423628,114.00290419161675,114.00290419161675,114.03155688622755,114.0335316447075,114.02105712252016
1763977170.640436,113.97367958585927,113.99499999999999,114.028,114.02775189800137,114.01634084816313
1763977170.798878,114.00213393326177,113.97367958585927,114.00018118656769,114.01964105118006,114.00861926580933
1763977171.039506,114.00419432709715,113.94272151898734,113.94272151898734,114.00810312135116,113.99669193756031
1763977171.198931,113.94272151898734,114.00419432709715,114.02576946288474,114.00751680221305,113.9980498514037
1763977186.541269,113.98965357967667,114.05205954232392,114.07434347922684,114.01419821322968,114.00782547110697
1763977186.6273038,114.00368790975135,113.98965357967667,114.01990762124711,114.01051651819672,114.00453640396208
1763977186.785826,114.00368790975135,114.00368790975135,114.02457858366311,114.00949222692992,114.00438282862063
1763977186.864654,114.00368790975135,114.00368790975135,114.02457858366311,114.00862157935313,114.00425705003396
1763977186.944003,114.00074972436603,114.00368790975135,114.02457858366311,114.00788152891286,114.00415403705858
1763977187.315397,113.98965357967667,113.98545454545453,114.0155980861244,114.00451748139412,114.00076947559468
1763977187.5605109,114.00368790975135,113.98965357967667,114.01990762124711,114.0022878961365,113.99875752608517
1763977187.6430268,113.99872274143303,114.00368790975135,114.02457858366311,114.00249789817872,113.99964991326404
1763977187.799159,114.00368790975135,113.99872274143303,114.01881619937696,114.00193162466685,113.99948209746904
1763977187.879064,114.00368790975135,114.00368790975135,114.02457858366311,114.00219506742953,114.00024333902985
1763977187.958889,114.00368790975135,114.00368790975135,114.02457858366311,114.0024189937778,114.0008667977618
1763977188.037316,114.00253819881361,114.00368790975135,114.02457858366311,114.00260933117383,114.00137741201418
1763977204.6555572,114.01071979434445,113.80966824644553,113.80966824644553,113.97366816846458,113.96667852993768
1763977204.7081568,114.04217609336536,114.01071979434445,114.0306940874036,113.97922591234656,113.97464988923925
1763977222.930382,113.84,113.90308198868348,113.90308198868348,113.9678043237971,113.96169627726935
1763977223.031799,113.8110770866002,113.84,113.84,113.94863367522754,113.93966955381254
1763977223.707072,113.87564394651108,113.8110770866002,113.81107708660019,113.92800018693343,113.91639463713085
1763977225.003659,113.76197183098593,113.87564394651108,113.91647747357561,113.92014675087009,113.90901886349917
1763977225.5204842,113.83214953271029,113.76197183098593,113.76197183098594,113.89642051288746,113.88240371640518
1763977232.282193,113.87406593406595,113.90742120969247,113.93004851121023,113.89807061740821,113.88693182045722
1763977232.309994,113.89758199618414,113.87406593406595,113.87406593406595,113.89446991490686,113.88460312702529
1763977233.374629,113.90260628465803,113.89758199618414,113.93863725310209,113.89493672709844,113.8869522700571
1763977235.283108,113.90336885796559,113.88753632173247,113.93737223899622,113.89382666629353,113.88705798195747
1763977235.568222,113.85460161731477,113.90336885796559,113.92554092393569,113.89525799504433,113.89001020994037
1763977240.540315,113.85427272727271,113.94296482618745,113.94296482618745,113.9024140197158,113.89959486375237
1763977245.564737,113.87376506024096,113.93210101033556,113.96081323734639,113.90686706830877,113.90547839542236
1763977246.5474172,113.81024734982333,113.93172839506173,113.93172839506173,113.91059626732171,113.91022958005817
1763977550.062562,114.13653947080691,114.11657121744953,114.08584907936698,113.94149250984087,113.94757690313517
1763977573.649465,113.94908212560388,114.12354430379746,114.15964556962025,113.96880027893435,113.97942656492249
1763977574.670541,114.0021153846154,113.94908212560388,113.94908212560388,113.96584255593478,113.97393429688996
1763977577.0572429,114.0021153846154,114.0021153846154,114.0021153846154,113.97128348023688,113.97903500366563
1763977591.899452,114.19825503355706,114.19414820350528,114.20471690627923,114.00471318872714,114.01796995772584
1763977604.0545611,114.26998007968129,114.28550886859941,114.31393737546362,114.04683254070797,114.06639383507016
1763977606.279403,114.23756307031668,114.26613699431927,114.27784100040641,114.07972820874966,114.10254685001765
1763977610.619652,114.36242990654203,114.30159680638722,114.30159680638722,114.11300849839529,114.13857439696832
1763977612.992998,114.19554312146518,114.12683411553404,114.12683411553404,114.1150823409661,114.13644943523357
1763977613.0944588,114.22945747800588,114.19554312146518,114.19554312146518,114.12715145804096,114.14714524544137
1763977621.9932458,114.16569787383784,114.06549695753978,114.06549695753978,114.11790328296577,114.13236710843763
1763977631.003975,114.11563058640107,113.98992354335827,113.98992354335827,114.09870632202464,114.10658517749769
1763977631.102384,114.21237288135593,114.11563058640107,114.11563058640107,114.1012449616811,114.10822237400805
1763977679.7936819,114.1578313253012,114.2503597162646,114.20980429985661,114.12361217486863,114.13394887937882
1763977763.763304,114.23676470588236,114.23241713823766,114.23241713823766,114.13993291937398,114.15177138928483
1763977771.658452,114.18878787878789,114.23676470588236,114.23676470588234,114.15445768735023,114.16715496816151
1763977773.274534,114.24028776978419,114.16947359816902,114.19733529507927,114.15671007397304,114.1675746344251
1763977798.040454,114.23948207171314,114.24060606060605,114.24060606060605,114.169294471968,114.1807931408925
1763977803.303806,114.25296875,114.28592592592592,114.3279012345679,114.18678919006169,114.1998219134576
1763977811.022839,114.35923362578698,114.39677271808289,114.3830895028917,114.21828671926487,114.23546951916437
1763977811.116652,114.36470075813396,114.35923362578698,114.35923362578698,114.23942875524318,114.25787051459025
1763977811.26087,114.36973933649288,114.36470075813396,114.36470075813396,114.2582195556768,114.27720652292315
1763977858.0591471,114.38183486238533,114.42200819672131,114.40172131147541,114.28278785183348,114.30341526567523
1763977877.153182,114.53200000000001,114.44043859649122,114.44043859649122,114.30643546353213,114.32821614769675
1763977877.403358,114.45262295081965,114.53200000000001,114.496,114.3402701440023,114.3651005180355
1763977900.1033542,114.30509282523327,114.40093023255815,114.42139534883722,114.34936915728568,114.3715856072349
1763977903.1785758,114.33092233009708,114.30509282523327,114.25474703692313,114.34272770747782,114.35955057909857
1763977903.278589,114.33065292096221,114.33092233009708,114.27631067961164,114.34095690087071,114.35436893724429
1763977903.36933,114.3256551724138,114.33065292096221,114.27051546391753,114.33941130388442,114.35007639729267
1763977909.6336699,114.26889133627019,114.2778754537205,114.25614337568061,114.33018092635983,114.33700820611155
1763977910.041526,114.2767474501731,114.31996488157014,114.31996488157013,114.32864851964138,114.33392340676615
1763977915.1310341,114.3067441860465,114.33301075268817,114.24161290322583,114.3293028545984,114.33375821864833
1763977918.737961,114.31124463519313,114.2913407821229,114.19283054003726,114.32360854372706,114.32608076815389
1763977920.116378,114.26889133627019,114.2542857142857,114.2542857142857,114.31321011931085,114.31308604199951
1763977932.0634382,114.31104716393101,114.31424684455041,114.26743074511901,114.31336562809678,114.31329614437364
1763977932.163341,114.267625,114.31104716393101,114.32464575109078,114.31301785847191,114.31288908450803
1763977932.336999,114.13376623376622,114.267625,114.267625,114.30620892970111,114.30469639780999
1763977936.995019,114.29415384615385,114.34107927114157,114.34107927114157,114.31143948091717,114.31128160737778
1763977940.122731,114.14844490216272,114.08716071428572,114.08716071428572,114.27779766592246,114.27071628324623
1763977951.505086,114.38962891002959,114.31735294117647,114.31735294117647,114.28373095721057,114.2791574023193
1763977960.875937,114.4032,114.38739130434783,114.43341614906834,114.29928000928115,114.29874746934624
1763977962.499222,114.39083969465648,114.38824832045462,114.38824832045462,114.31262525595716,114.31494690075654
1763977964.174345,114.39545565999182,114.38421052631578,114.38421052631578,114.32336304651096,114.32748344468412
1763978018.304508,114.38479128856623,114.38055555555557,114.38055555555557,114.33194192286764,114.33708936473086
1763978022.701567,114.38470588235295,114.38479128856623,114.40148820326678,114.33986932772243,114.34572329428282
1763978023.398025,114.34606542814558,114.38470588235295,114.40823529411765,114.346594810917,114.3527790457513
1763978023.926187,114.31772058823529,114.34606542814558,114.3397865794484,114.34651540350129,114.35156389766532
1763978024.0035121,114.32796116504855,114.31772058823529,114.33308823529411,114.34219618121138,114.34543834284634
1763978078.455982,114.20764127764127,114.22804899096742,114.22804899096742,114.32507410267479,114.32419116217137
1763978078.599523,114.19893057247259,114.20764127764127,114.18700245700245,114.30745917891977,114.30309592299831
1763978103.146933,114.0708276797829,114.11502727843491,114.11502727843491,114.27859439384703,114.26905596616768
1763978112.6146991,114.242695035461,114.10349344978167,114.10349344978167,114.25232925223722,114.23908956255141
1763978118.3587,113.96471018022406,113.99334691142441,113.97012860602352,114.21348190111529,114.19461075400133
1763978119.856471,113.94289334741289,113.94826071927525,113.94826071927525,114.17369872383928,114.15002201053073
1763978160.6675231,113.75684210526317,113.7809061255833,113.74483194805698,114.11477983410087,114.08321295355965
1763978161.3602319,113.7231654676259,113.75684210526317,113.70157894736842,114.06108917477522,114.0241406418908
1763978176.148341,113.7586560614372,113.77061044366384,113.74719927974732,114.0175173651085,113.97825230668775
1763978176.292544,113.74307008884502,113.7586560614372,113.73246845858475,113.9786881695578,113.93850593256009
1763978176.313369,113.7586560614372,113.74307008884502,113.71418558736427,113.94334545745087,113.90313253100949
1763978176.451468,113.76241379310345,113.7586560614372,113.73246845858475,113.91564204804882,113.87698264941334
1763978176.531538,113.76241379310345,113.76241379310345,113.76241379310345,113.89265780980702,113.85624597142017
1763978176.689514,113.76241379310345,113.76241379310345,113.76241379310345,113.87312120730147,113.83926258055966
1763978176.7680562,113.74307008884502,113.76241379310345,113.76241379310345,113.85651509517177,113.82535314119741
1763978176.846483,113.76241379310345,113.74307008884502,113.71418558736427,113.83949834422276,113.8104601134071
1763978176.9243479,113.7586560614372,113.76241379310345,113.76241379310345,113.82793566155485,113.8017638489511
1763978177.001282,113.76241379310345,113.7586560614372,113.73246845858475,113.81754372153719,113.79396144664504
1763978177.161303,113.76241379310345,113.76241379310345,113.76241379310345,113.80927423227212,113.78825139983125
1763978177.24017,113.76241379310345,113.76241379310345,113.76241379310345,113.8022451663968,113.78357485728657
1763978177.397099,113.76241379310345,113.76241379310345,113.76241379310345,113.79627046040278,113.77974475730922
1763978177.476368,113.76117056856188,113.76241379310345,113.76241379310345,113.79119196030788,113.77660789590009
1763978179.5911329,113.76245614035089,113.76841121495325,113.72775700934577,113.7877748485047,113.77512431703859
1763978248.969826,113.72747272452159,113.68648521727629,113.68648521727629,113.77258140382042,113.75908086047825
1763978256.694016,113.74753147629464,113.79110244091756,113.79110244091756,113.775359559385,113.76487668688159
1763978256.734648,113.7146953915324,113.74753147629464,113.77079312279643,113.77118534692144,113.76173724691292
1763978257.1995149,113.73957142857142,113.7146953915324,113.71469539153242,113.76271185361307,113.75322278810931
1763978260.529989,113.7127732306211,113.73911575562703,113.69774919614147,113.75917243891516,113.75066945032236
1763978262.13889,113.72902654867256,113.7127732306211,113.71277323062108,113.75221255767104,113.74381032882621
1763978387.4265652,113.6164940239044,113.74921408309696,113.7277473719339,113.75176278648493,113.74478839490696
1763978395.562291,113.93780183223572,113.7149609375,113.76359375,113.74624250913719,113.73938969931442
1763978396.000339,113.59175422473174,113.93780183223572,114.05706910964763,113.77497640760197,113.7753018018076
1763978397.000299,113.56811364206774,113.59175422473174,113.66745269419005,113.74749308017144,113.74208014694571
1763978400.0271559,113.59969101541206,113.56811364206774,113.56811364206776,113.72058616445588,113.71059264231798
1763978405.508707,113.42602161100199,113.63748905109487,113.63748905109487,113.70812159745172,113.69736107415746
1763978410.910017,113.61879310344827,113.59080341638736,113.62572143924405,113.69052387029205,113.67807440317151
1763978468.3087769,113.80763335627458,113.78642857142857,113.80428571428571,113.70490957546252,113.69768623808663
1763978470.0653188,113.82844953604476,113.83734419121022,113.83734419121022,113.72477476782467,113.722963980192
1763978528.05665,113.81909930947003,113.84368493359793,113.88312776675316,113.74261129269065,113.74481417245575
1763978541.6218271,113.86181818181818,113.84118136439268,113.85747420965056,113.75739680344596,113.76225639447547
1763978544.126645,113.88500000000002,113.87057692307692,113.87057692307692,113.77437382139061,113.78186214069662
1763978556.937973,113.89999999999999,113.88910767177006,113.86860790121396,113.79158389894754,113.80127331503934
1763978562.3451068,113.90625,113.91470588235295,113.91470588235296,113.81005219645834,113.8218043275508
1763978568.08188,113.91399999999997,113.91452633993426,113.90485179804776,113.82572331797972,113.838586781139
1763978568.3231602,113.82485396060558,113.91399999999997,113.89599999999997,113.83896482028275,113.8522363861566
1763978571.035041,113.84565217391302,113.82485396060558,113.80743125999992,113.83684819133117,113.84728023524778
1763978571.125391,113.50263001485887,113.84565217391302,113.84565217391302,113.83816878871843,113.84698556019612
1763978587.9822452,113.80057929309129,113.75951025617861,113.72076781136408,113.82637000883747,113.83115274777056
1763978632.098241,113.81169354838713,113.79369549805033,113.75598723856785,113.8214688322194,113.824373078749
1763978655.265354,113.78495498377637,113.81000000000002,113.7813286713287,113.81974850738648,113.82177158724959
1763978656.593451,113.78973684210527,113.78495498377637,113.78495498377637,113.81452947884496,113.81510787360509
1763978656.726954,113.77857142857144,113.78973684210527,113.78973684210527,113.810810583334,113.81051578001603
1763978658.2519848,113.75424050632911,113.77750963649424,113.74376779336929,113.80581544130803,113.80454175014393
1763978665.095087,113.76244514106581,113.77303964757708,113.77303964757708,113.80089907224838,113.79883994794325
1763978671.805875,113.61918015655499,113.63456140350877,113.59333333333333,113.77594842193744,113.76910594005624
1763978687.474089,113.54405172413794,113.63575094827651,113.62941757035529,113.75491880088829,113.74496901827499
1763978690.4931672,113.58523399862354,113.59249972495098,113.57204410012888,113.73055593949769,113.71737245546254
1763978690.613945,113.54892707646414,113.58523399862354,113.55206469373708,113.70875764836657,113.69345572347935
1763978691.187646,113.54697402102377,113.54892707646414,113.52592436803265,113.6847830625812,113.66729639789581
1763978691.2006872,113.52327586206899,113.54697402102377,113.51418602398472,113.66411170634758,113.64551834699321
1763978691.9305542,113.54383807021733,113.36069124423965,113.36069124423962,113.61859863703138,113.59396534992433
1763978736.272783,113.45307462686567,113.44548915831521,113.44548915831521,113.59263221522396,113.56709152858913
1763978770.537298,113.32491289239614,113.40536791314838,113.36184559710495,113.56454256991262,113.5378199564944
1763978781.148642,113.36331125827815,113.3321189814467,113.28883948020732,113.52967903164273,113.5005885917079
1763978793.793167,113.24900763358778,113.31098933833806,113.31098933833806,113.49687557764702,113.4662715984908
1763978793.824938,113.31772413793105,113.24900763358778,113.24900763358778,113.45969538603812,113.42694736130433
1763978793.903896,113.30090849720632,113.31772413793105,113.31772413793105,113.43839969882205,113.40717822957501
1763978812.080758,113.22855607476633,113.28744479495266,113.31129337539433,113.41575646324165,113.38550677575458
1763978823.0636768,113.29894230769233,113.27875,113.30499999999999,113.3952054937554,113.36618406490877
1763978824.5228858,113.33705092557803,113.29894230769233,113.29894230769233,113.38076601584594,113.35401347412167
1763978829.002792,113.32198830409357,113.33705092557803,113.33705092557803,113.37420875230575,113.35094329503093
1763978842.126488,113.18274509803922,113.24384615384616,113.24384615384616,113.3546543625368,113.33155897888894
1763978844.671658,113.16246575342466,113.1530802692994,113.1530802692994,113.32441824855118,113.29925477643286
1763978856.476299,113.05254428201623,113.1008478960181,113.1008478960181,113.29088269567121,113.2633436246303
1763978884.7647202,112.97552941176471,112.96390272205366,112.96390272205366,113.24183569962857,113.2091455661464
1763978887.256723,113.01170842824601,112.90596604064832,112.90596604064832,113.19145525078153,113.15427082621385
1763978902.23934,112.90521257654059,112.98484202498858,113.01251654292122,113.16046326691259,113.12360463465936
1763978937.797475,113.13635812716757,113.09943854324736,113.03326251896813,113.1513095583628,113.11923063222882
1763978950.400436,113.16285714285713,112.69970297029703,112.69970297029703,113.08356857015292,113.04329716902677
1763978978.057399,113.11378378378377,113.16505494505493,113.20956043956043,113.09579152638821,113.06533502360595
1763979001.077302,113.1649438202247,113.16350180505414,113.19202166064983,113.1059480681881,113.08310296685059
1763979004.152278,113.19050012101903,113.1649438202247,113.20932584269661,113.11479743099358,113.09791595772583
1763979006.554197,113.1516,113.19050012101903,113.18253352677098,113.12615283449739,113.11467346097162
1763979013.122876,113.23733957187946,113.25940298507463,113.25940298507463,113.14614035708397,113.14086914480835
1763979013.839372,113.22832518337408,113.23733957187946,113.24450680488943,113.15982023930329,113.15833005213055
1763979034.697858,113.20943396226414,113.21655913978495,113.23118279569893,113.16833107437553,113.16886937214663
1763979051.272546,112.9888188976378,113.1090281599361,113.11715942926217,113.15943563720961,113.15803826159619
1763979052.705407,113.13296296296295,113.0879003558719,113.0879003558719,113.14870534500895,113.14534347513357
1763979060.285008,113.15934426229508,113.09298245614035,113.09298245614035,113.14034691167865,113.13586626094789
1763979081.433275,113.00646616541353,113.04335091277889,113.0433509127789,113.12579751184369,113.11912121306841
1763979141.771233,113.11870511033284,113.04154258527105,113.04154258527105,113.11315927285779,113.10507967441994
1763979193.3230772,113.15499999999999,113.07988025838978,112.9993240901213,113.10816742068758,113.10051864280398
1763979213.898023,113.1608510638298,113.1536798679868,113.13706270627063,113.11499428778247,113.11014069231939
1763979230.61924,113.2814015499637,113.09346153846155,113.09346153846155,113.11176437538433,113.10712180696181
1763979230.798041,113.29523952095809,113.2814015499637,113.27291304586127,113.13720995157124,113.13866600691077
1763979238.494069,113.30999999999999,113.28959430150631,113.28959430150631,113.1600676040615,113.16598365278672
1763979241.465229,113.34866675401489,113.32359786912153,113.32359786912153,113.1845971438205,113.19451143386573
1763979243.8995142,113.46761435650974,113.36246727215193,113.35389257090401,113.2112776630702,113.22491102279236
1763979243.9002008,113.34557522123895,113.46761435650974,113.41132097886404,113.24972816708613,113.26883972245183
1763979245.3569338,113.42108372098997,113.33348623853212,113.35990825688073,113.26229187780302,113.28054058104914
1763979273.291222,113.3903229892337,113.38,113.39999999999998,113.27994809613256,113.29854248846623
1763979275.391893,113.40771929824561,113.3903229892337,113.42490183660543,113.29650433009773,113.31515453079402
1763979338.949467,113.45795580110497,113.38984732824427,113.38984732824427,113.3105057798197,113.32867374132839
1763979339.170779,113.49306122448978,113.45795580110497,113.48392265193368,113.3326232830125,113.3520734725488
1763979340.0220711,113.4887704918033,113.49306122448978,113.51244897959182,113.35668897423409,113.37759190493215
1763979345.907373,113.52436363636363,113.46635416666666,113.46635416666666,113.37313875309897,113.39365765350308
1763979346.784155,113.51712328767123,113.52436363636363,113.52436363636363,113.39582248558867,113.41731511125957
1763979350.0036511,113.55644859813086,113.51712328767123,113.54054794520547,113.41401760590105,113.4353801429095
1763979361.9658408,113.62903225806451,113.61464094576729,113.63119928838451,113.44411110688098,113.4678259023016
1763979362.000885,113.60866666666668,113.62903225806451,113.59064516129031,113.47184927955851,113.49700385168137
1763979362.439003,113.5934432234432,113.60866666666668,113.64155555555557,113.49237188762473,113.51721454342379
1763979364.310854,113.61333333333336,113.60006170421154,113.61556317335946,113.50852536011274,113.53220967343763
1763979453.016808,113.61331566068517,113.61017093931305,113.6016543874089,113.52377219699278,113.54632046862639
1763979454.28827,113.60664285714284,113.61331566068517,113.61331566068516,113.53720371654663,113.55844643173329
1763979456.221774,113.55356648587994,113.56052711435407,113.54423731955072,113.54070222621775,113.5588230301118
1763979521.782567,113.57534883720932,113.59499999999998,113.61985559566786,113.54884689228508,113.56537097166854
1763979521.960591,113.59299999999999,113.57534883720932,113.57534883720932,113.55282218402371,113.5671769405107
1763979559.692391,113.63466019417477,113.64132158331236,113.63465707913628,113.56609709391701,113.58059693641725
1763979559.749386,113.68838301522625,113.63466019417477,113.60262135922329,113.57638155895566,113.59038225158481
1763979561.539228,113.62580912863069,113.66512820512821,113.66512820512821,113.58969355588154,113.60391108323981
1763979561.83608,113.62596059113302,113.62580912863069,113.60531120331949,113.59511089179391,113.60787457498247
1763979571.016076,113.6796307925737,113.69,113.70999999999998,113.60934425802482,113.62273907261728
1763979581.7361999,113.69604161443971,113.68967032967032,113.68967032967032,113.62139316877163,113.63485346364719
1763979583.181035,113.75333333333334,113.74173451577906,113.75993140630942,113.63944437082274,113.65419866820815
1763979606.080972,113.74,113.73,113.73,113.65302771519933,113.66791852070078
1763979606.7115781,113.73973349339735,113.74,113.74,113.66607355791942,113.68096508914567
1763979607.000181,113.7184921763869,113.73973349339735,113.73973349339735,113.6771225482411,113.69160202412426
1763979615.967385,113.69261682242991,113.74431818181817,113.76363636363635,113.68720189327766,113.70114351753134
1763979621.479284,113.73122137404579,113.71141176470589,113.72952941176472,113.6908333739919,113.70300204472687
1763979622.641506,113.72041666666667,113.70333333333335,113.70333333333333,113.69270836789312,113.70306200714055
1763979628.444858,113.70315789473685,113.66384615384617,113.66384615384617,113.68837903578607,113.69596403524675
1763979636.094456,113.64446680365621,113.62996192109091,113.62996192109091,113.67961646858178,113.68401781676992
1763979636.706423,113.64032258064516,113.64446680365621,113.64446680365621,113.67434401884294,113.67685918178256
1763979656.387095,113.50895272309242,113.53255681818182,113.49215909090908,113.65307593874377,113.65074081293415
1763979660.754909,113.4782394366197,113.5040141874679,113.48270922359833,113.63071667605239,113.62418365871862
1763979679.318191,113.47941983970111,113.56670755212895,113.53514631154721,113.62111530746387,113.61378062640216
1763979679.477395,113.5005,113.47941983970111,113.43306609613587,113.59986098729945,113.58946165824216
1763979809.053567,113.65172189672565,113.56155216511067,113.54973042212711,113.59411466397114,113.58441010941239
1763979809.626792,113.57286144578313,113.65172189672565,113.63786106482777,113.6027557488843,113.59659337547279
1763979929.142581,113.67584416647101,113.63191616766467,113.63191616766467,113.60712981170136,113.60298671299134
1763979929.499826,113.66866666666667,113.67584416647101,113.70045868517228,113.6174369649168,113.61617373083259
1763980036.204303,113.70965517241378,113.72911437713896,113.74626407711082,113.63418857675012,113.63661570686541
1763980200.0580952,113.84090903189411,113.74631578947367,113.74631578947367,113.65100765865864,113.65647114893004
1763980200.815469,113.87666098807495,113.84090903189411,113.85331683355548,113.67949286464396,113.68985394694299
1763980205.553539,113.88889648700349,113.7853488372093,113.7853488372093,113.69537126052876,113.70713828453025
1763980240.0674932,113.85499051233398,113.86521739130436,113.87826086956522,113.7208481801451,113.73575020962231
1763980273.236149,113.8083745583039,113.82423076923077,113.85307692307693,113.73635556850795,113.75176497080919
1763980276.091698,113.82347826086956,113.8083745583039,113.83063604240283,113.74715841697733,113.76201116532499
1763980286.2573261,113.83105590062112,113.81659200653495,113.83658897621196,113.75757345541096,113.77189016180992
1763980287.2967858,113.82574257425743,113.83105590062112,113.85242236024845,113.7685958221925,113.78259901335538
1763980293.238422,113.84579040852574,113.84645161290324,113.87612903225806,113.7802741907991,113.79415617503524
1763980303.23793,113.9124984236508,113.85502673796792,113.90379679144385,113.79148707287443,113.8051735955058
1763980303.7681768,113.8952380952381,113.9124984236508,113.9124984236508,113.8096387754909,113.82459912242122
1763980303.818227,113.89999999999999,113.8952380952381,113.8952380952381,113.82247867345298,113.83738460078115
1763980304.963744,113.90500000000002,113.90518703241897,113.9283790523691,113.83488492729786,113.84965667224378
1763980311.232905,113.94003831417625,113.9539499670836,113.95394996708362,113.85274468326571,113.86853349917213
1763980357.903718,113.85320667031162,113.94141891891891,113.91499999999999,113.86604581861369,113.88172557883816
1763980368.7972438,113.97346153846154,113.99245283942722,114.00408801381785,113.88500687173571,113.90176693756213
1763980368.961395,113.98204225352113,113.97346153846154,113.9676923076923,113.89827507174458,113.91474348197904
1763980369.085666,113.98645724753035,113.98204225352113,113.97549295774648,113.91084014901105,113.92692439221724
1763980369.79701,114.028,113.98645724753035,113.96881326733104,113.92218271378894,113.93769969093633
1763980372.897727,113.96652582159624,114.028,114.028,113.9380553067206,113.95404382224783
1763980435.96979,113.93328500796797,113.89623828433058,113.88907915366715,113.9317827533621,113.94358116368056
1763980438.094213,113.83484088343194,113.92490366687383,113.92490366687383,113.93075089038885,113.94020058322026
1763980585.1500921,113.81355419870344,113.79918918918916,113.79918918918916,113.9110166352089,113.91467787167741
1763980602.2422311,113.82081081081081,113.87530120481928,113.87530120481928,113.90565932065044,113.9075507929286
1763980604.168999,113.805,113.82081081081081,113.8435135135135,113.8929320441745,113.89185107193772
1763980608.278979,113.78179390456468,113.805,113.805,113.87974223754833,113.87613124396577
1763980611.0680351,113.82625,113.78179390456468,113.78946864026814,113.86504998760077,113.85905642020563
1763980611.728993,113.75215357185053,113.75183330971011,113.7316159113994,113.84806748591717,113.83964930393175
1763980612.220453,113.73,113.75215357185053,113.73642698946327,113.83368039880718,113.82381279407747
1763980615.7077508,113.72840256221825,113.74684210526316,113.74684210526316,113.82065465477558,113.80988129087264
1763980622.457176,113.7186567164179,113.72840256221825,113.72840256221824,113.80681684089197,113.79513384367085
1763980730.098874,113.71382428940568,113.70588642762813,113.69314653776193,113.79167727890238,113.778980283377
1763980730.3268769,113.70993362831858,113.70416666666668,113.70416666666668,113.77855068706702,113.7654392048571
1763980739.01223,113.69632911392405,113.70689655172416,113.69551724137932,113.76780256676558,113.75484313026944
1763980754.435591,113.66890179514255,113.66356051703877,113.66356051703877,113.75216625930656,113.73832120434727
1763980758.829362,113.63896824455423,113.6653932785127,113.64720414730068,113.73915031218748,113.72512143118509
1763980760.3477728,113.63102564102563,113.63896824455423,113.6561210593248,113.72412300204249,113.70952791871764
1763980766.733312,113.59045784051887,113.64937038476486,113.64937038476486,113.71291010945085,113.69863955471872
1763980767.645779,113.60999999999999,113.59045784051887,113.59045784051888,113.69454226911104,113.67905893355896
1763980798.578496,113.76363636363638,113.75157894736842,113.75157894736842,113.70309777084965,113.69218487565931
1763980875.1087208,113.68833780160858,113.70744444444445,113.66777777777779,113.70374977188887,113.69494681965006
1763980875.829658,113.66412723041117,113.68833780160858,113.65005361930295,113.70143797634681,113.693750603825
1763980897.606977,113.67756756756758,113.68,113.65,113.6982222798948,113.69126177873837
1763980959.000839,113.77000000000001,113.76096416612532,113.77187932662387,113.70763356282937,113.7038777374653
1763981011.08284,113.71396825396826,113.72722124516356,113.72722124516356,113.7105717151795,113.7081028542899
1763981133.9679658,113.69322580645161,113.67987208274623,113.68803398253758,113.70596677031452,113.70299315486673
1763981186.508415,113.64327928524156,113.64047381716394,113.64047381716394,113.69614282734193,113.69167731026423
1763981190.051174,113.68519274376418,113.64327928524156,113.64327928524156,113.68821329602687,113.68291738812897
1763981204.427091,113.7525,113.74233920668271,113.74233920668271,113.69633218262526,113.69367258947081
1763981223.740129,113.77467273363668,113.78062499999999,113.78062499999999,113.70897610523146,113.70941075947572
1763981229.6261718,113.75240740740739,113.77467273363668,113.78819740987049,113.71883059949224,113.72122301445462
1763981261.730826,113.78209090909091,113.77383367940284,113.78559420483168,113.72708106147883,113.73074541393714
1763981265.567044,113.77864938948419,113.78209090909091,113.8069090909091,113.73533253862064,113.74003882083407
1763981292.86989,113.82486486486486,113.81900751475787,113.84475670132043,113.74788378504122,113.75433195799353
1763981302.051475,113.90866691154704,113.81192307692308,113.84076923076924,113.7574896788235,113.7647558072574
1763981302.294664,113.88070266299586,113.90866691154704,113.92424260269972,113.78016626373203,113.7908033591438
1763981302.314636,113.86906976744187,113.88070266299586,113.88070266299584,113.7952467236216,113.80707490950952
1763981348.8574238,113.86193548387097,113.84418439716313,113.85798690671032,113.80258737465283,113.81379163446209
1763981387.863082,113.84816476892163,113.86204545454547,113.84272727272729,113.81150608663673,113.82252545586206
1763981465.6890318,113.7232994923858,113.67860354603086,113.71302453110357,113.79157070554584,113.79647594819953
1763981465.707731,113.71545454545453,113.7232994923858,113.78269035532993,113.78133002357183,113.78323119172936
1763981469.0401301,113.72704225352112,112.08866666666667,112.08866666666667,113.52743052003605,113.47651922805373
1763981470.14905,113.70791262135921,113.72704225352112,113.73901408450703,113.55737228005881,113.52186327246787
1763981471.29532,113.683323116478,113.70791262135921,113.7223300970874,113.57995333125388,113.55553774180501
1763981475.354214,113.7048695652174,113.683323116478,113.68332311647798,113.59545879903749,113.5786665767448
1763981475.8393788,113.67801724137932,113.7048695652174,113.7048695652174,113.61187041396447,113.6015090037186
1763981481.477497,113.67863636363637,113.66742073755486,113.6549211008108,113.62020296250303,113.61343886358242
1763981487.909566,113.64880952380953,113.66159142212192,113.6776072234763,113.62641123144586,113.62215435689484
1763981602.047937,113.74988451985219,113.64289189189192,113.68124324324323,113.62888333051276,113.62590779914308
1763981602.481629,113.72800000000001,113.74988451985219,113.75848714209803,113.64703350891368,113.64834727718971
1763981727.3803499,113.67230088495576,113.67630889311923,113.69251527938238,113.65142481654452,113.65340826011627
1763981731.597596,113.68512195121951,113.67230088495576,113.67230088495576,113.6545562268062,113.65682777821534
1763981780.9969652,113.65407668981881,113.65000163294802,113.65000163294802,113.65387303772748,113.65559226290253
1763981781.049074,113.67322580645163,113.65407668981881,113.65407668981881,113.65390358554117,113.65531794794448
1763981823.368597,113.66522250575713,113.65121951219511,113.65121951219511,113.65350097453926,113.65457614126902
1763981823.5409422,113.66638297872339,113.66522250575713,113.6728686126844,113.65525920422193,113.65650310675771
1763981825.724967,113.64018867924528,113.66638297872339,113.68505319148937,113.65692777039715,113.65829133900655
1763981861.9876292,113.7353452635674,113.72240378340494,113.73758679471803,113.66674917234832,113.66989553195798
1763981867.2105348,113.70811320754717,113.68696629213483,113.68696629213483,113.6697817403163,113.67298529708515
1763981892.006376,113.78941463414633,113.77,113.77,113.68481447926885,113.69054471698114
1763981892.775763,113.82478260869566,113.81455759558803,113.8250692878064,113.70427594671673,113.71299073951732
1763981967.872159,113.87545454545455,113.87536082474229,113.9078350515464,113.72993867842055,113.74237932103486
1763981967.930042,113.87,113.87545454545455,113.91636363636363,113.75176605847564,113.76646560561989
1763981969.251738,113.87545454545455,113.87,113.88875,113.7695011497043,113.78520507345284
1763981981.550285,113.92666666666666,113.90857142857142,113.90857142857142,113.79036169153436,113.80753407684593
1763981992.559411,113.9795656779661,113.94101820465588,113.94888871932667,113.81296016850258,113.8316943719274
1763981997.975211,113.97950000000002,113.96529411764706,113.96529411764706,113.83581026087425,113.85587559356293
1763981998.3032918,113.97844875346257,113.97950000000002,113.9795,113.85736372174311,113.87825130360274
1763982000.360144,114.00688529368897,113.97526315789473,113.97526315789474,113.87504863716585,113.89581020790507
1763982073.344557,113.91588976377953,114.00978723404255,113.97867021276595,113.89525942669735,113.91643976610926
1763982076.568788,114.007,113.91588976377953,113.91588976377953,113.89835397725967,113.91634021705576
1763982080.053525,113.98650657915356,114.007,113.982,113.91465088067072,113.93274941224543
1763982082.098609,113.98039981670294,113.98650657915356,113.99756976499505,113.92542923544315,113.94247932573067
1763982087.335808,114.00499999999998,114.01413198436423,114.03803403081169,113.93873464778132,113.9554482787018
1763982102.511209,114.03654545454546,114.09268292682926,114.10121951219512,113.9618268896385,113.98028740863103
1763982169.883015,114.26661935483871,114.22858432508184,114.25504537108334,114.001840504955,114.02522853285078
1763982175.545105,114.2434328358209,114.2474717832957,114.28918735891648,114.0386851967061,114.06545400833397
1763982252.4998012,114.33165261382798,114.29964029806281,114.32207139961014,114.0778284619096,114.10784114421833
1763982314.538618,114.30759036144578,114.33659783088159,114.36881571939433,114.1166438672554,114.14924553545437
1763982368.1858509,114.37078529323607,114.37452911054281,114.33791917456567,114.15532665374852,114.19002130213501
1763982368.206034,114.37988857938717,114.37078529323607,114.37078529323608,114.18764544967165,114.22273913485985
1763982372.8605912,114.46219178082191,114.39045636202478,114.34407629739377,114.21806708652461,114.25309553576709
1763982373.3955252,114.41589002795898,114.46219178082191,114.46219178082191,114.25468579066921,114.29094143597888
1763982376.0941749,114.46574108633729,114.34905071155639,114.3771939971508,114.26884052880229,114.30145907030708
1763982376.111837,114.35727272727271,114.46574108633729,114.46574108633729,114.29837561243254,114.33119370654428
1763982393.497782,114.37450845335003,114.46543165467627,114.46543165467627,114.32343401876909,114.35549044122887
1763982393.502663,114.60384359400996,114.37450845335003,114.4287507827176,114.33109518395622,114.35893265411401
1763982421.070268,114.44111976712946,114.34456310679612,114.4057281553398,114.33311537238221,114.35633180179484
1763982474.284992,114.39635416666667,114.39635416666667,114.39635416666667,114.34260119152488,114.3635757502779
1763982536.557375,114.4,114.40797927461142,114.41994818652852,114.35240790398785,114.37161267772505
1763982553.790626,114.34901408450703,114.41642208662597,114.41007894232911,114.36201003138356,114.37972306926923
1763982553.810508,114.34901408450703,114.34901408450703,114.34901408450703,114.36006063935208,114.37416481941825
1763982644.8305368,114.34553398058253,114.34553398058253,114.34553398058252,114.35788164053665,114.36898270881042
1763982672.97887,114.42126031507877,114.48357177904003,114.49609425251954,114.37673516131215,114.38972304547278
1763982673.227732,114.40317073170732,114.40317073170732,114.40317073170732,114.38070049687144,114.39215704322906
1763982825.667941,114.43542857142857,114.41887048636555,114.41887048636555,114.38642599529555,114.396992109985
1763982825.717634,114.37945652173913,114.43542857142857,114.43542857142859,114.39377638171551,114.40394901389261
1763982825.915871,114.4157046734234,114.37945652173913,114.37945652173913,114.39162840271905,114.3995159337398
1763982855.631505,114.37819444444443,114.38499999999998,114.34999999999998,114.39063414231119,114.3968885858424
1763982856.0218298,114.38123076923075,114.37819444444443,114.40638888888887,114.38876818763117,114.3935049927525
1763982856.559475,114.39529411764705,114.38123076923075,114.35000000000001,114.3876375748711,114.39128338882814
1763982870.063497,114.35944111776448,114.34193950783597,114.29596225900492,114.38078286481583,114.38235226911529
1763982893.5581949,114.32844559585493,114.32818447479154,114.279184810388,114.37289310631218,114.37254803308927
1763982893.6305668,114.37530000000001,114.32844559585493,114.25720207253886,114.36622597974359,114.36456560165809
1763982896.042259,114.40750000000001,114.37530000000001,114.3753,114.36758708278205,114.36650850105532
1763982896.899621,114.25728956029523,114.2558595783513,114.22076623122236,114.35082795711745,114.34648132129368
1763982938.234895,114.25159805436256,114.22988235294116,114.16494117647058,114.332686116491,114.32537719807085
1763982960.836041,114.30888888888889,114.28051411290323,114.27211693548387,114.32486031595283,114.31725709125593
1763982967.557875,114.34553965583503,114.3502358490566,114.39415094339624,114.32866664591839,114.32322616438063
1763983061.4891698,114.3973796791444,114.40429237505943,114.40429237505943,114.34001050528954,114.337898946855
1763983061.579916,114.49151672257601,114.3973796791444,114.3973796791444,114.34861588136778,114.34866481143645
1763983061.868533,114.4572953736655,114.49151672257601,114.4627775197172,114.370051007549,114.3745206519975
1763983061.9679859,114.48136501571476,114.4572953736655,114.4,114.38313766246647,114.38950267071087
1763983062.021257,114.4623219441771,114.48136501571476,114.48136501571474,114.39787176545371,114.40612952664186
1763983062.281968,114.43272727272728,114.4623219441771,114.46232194417708,114.40753929226221,114.41630021443274
1763983262.58613,114.37106703146377,114.36756584139742,114.35890511041448,114.4015432746325,114.40747941414388
1763983265.125386,114.31236263736264,114.35213483146067,114.33921348314607,114.39413200815673,114.39746218235216
1763983266.275158,114.32983134223473,114.2723380491437,114.21582278481013,114.37586291430478,114.37481502549741
1763983277.5828748,114.18923857868019,114.2295744680851,114.2295744680851,114.35391964737182,114.34852684590294
1763983320.5436952,114.10913793103448,114.1096875,114.09526785714284,114.31728482526606,114.30529751842592
1763983322.560658,114.1334528008291,114.10913793103448,114.0690804597701,114.28606279113131,114.26979312107026
1763983323.3566332,114.1466371681416,114.1334528008291,114.12491095725258,114.26317129258598,114.24511586226375
1763983345.657413,113.99513849550513,114.04918367346937,113.98877551020409,114.23107314971848,114.20965262348848
1763983345.7778502,113.99650000000001,113.99513849550513,113.98748767355835,114.19568295158648,114.17082609994404
1763983345.810814,114.045,113.99650000000001,113.9778,114.1658055088485,114.13927350950387
1763983346.940939,113.95732968748506,114.045,114.10666666666667,114.14768468252123,114.12221023879634
1763983347.086711,113.9531464547326,113.95732968748506,113.95732968748504,114.1191314332658,114.09236726916217
1763983347.171984,113.94470308788597,113.9531464547326,113.92726719969359,114.09423368648582,114.067168648073
1763983347.291203,113.92684879288436,113.94470308788597,113.89532066508312,114.07180409669584,114.04500268632172
1763983355.5827289,113.9070652173913,113.89744186046514,113.91906976744187,114.04564976126125,114.01829454391068
1763983364.48488,114.0277659574468,113.96942247739982,113.96942247739982,114.03421566868204,114.00944882144528
1763983364.5844018,113.96227848101266,114.0277659574468,114.0277659574468,114.03324821199675,114.01276417749625
1763983482.1459572,113.99840579710144,113.99060606060608,113.99060606060608,114.02685188928815,114.00875361345916
1763983488.738869,113.99840579710144,113.99840579710144,113.99840579710144,114.02258497546015,114.00688068443941
1763983554.226422,114.08273972602738,114.09770532210985,114.11196368513241,114.0338530274576,114.02331971792442
1763983565.285368,114.10241379310345,114.12365782216345,114.12365782216345,114.04732374666347,114.04148066519286
1763983576.667016,114.20027920344899,114.16971400411447,114.16971400411447,114.06568228528111,114.06469058054729
1763983576.85984,114.13765957446806,114.20027920344899,114.200279203449,114.0858718230063,114.08923178400528
1763983576.919903,114.13371287128714,114.13765957446806,114.12106382978722,114.09363998572556,114.09799709361116
1763983589.7869282,114.13438631790744,114.12817189631652,114.11391541609822,114.0988197723142,114.10345865783866
1763983597.332233,114.13333333333333,114.2074188358999,114.20020062250096,114.11510963185205,114.12227519145874
1763983602.2332811,114.31447254001293,114.24738449789996,114.25885197912689,114.13495086175924,114.1449196647055
1763983603.188235,114.30592833324214,114.31447254001293,114.32873797293423,114.16187911349729,114.17560831336021
1763983607.6106591,114.32440489432703,114.29766497461931,114.33649746192893,114.1822469926656,114.1977002654227
1763983610.058893,114.31434782608696,114.32440489432703,114.32440489432703,114.2035706779148,114.22063348806678
1763983700.206093,114.33,114.13545454545455,114.13545454545455,114.19335325804575,114.2052163113432
1763983787.169854,114.17614632428423,114.18234674220356,114.17129703461086,114.19170228066942,114.20107697621874
1763983796.7565389,114.18124401913873,114.26562411390003,114.28773557778709,114.202790555654,114.21275984757304
1763983834.5639338,114.13045529347231,114.19603773584905,114.19603773584905,114.20177763268326,114.20973318694854
1763983851.736906,114.2675274284185,114.0911817034321,114.09713229548596,114.18518824329558,114.18827566333808
1763983860.211724,114.12738656987297,114.115,114.07333333333334,114.17466000680125,114.17501295055278
1763983863.490981,114.1075,114.12738656987297,114.08655172413793,114.16756899126202,114.16639269412406
1763983864.0968041,114.1075,114.1075,114.04,114.15855864257271,114.15573326298775
1763983889.858339,114.07601404476357,114.09879581151833,114.01680628272253,114.14959421791455,114.14542772590812
1763983897.298789,114.07212062951467,114.07601404476357,114.06179887918512,114.1385571919419,114.13286402229288
1763983897.3139699,114.09571428571428,114.07212062951467,114.0458194402483,114.12859170757781,114.12186961930392
1763983964.5955148,114.05833080095506,114.06160000000001,114.084,114.11854295144114,114.11096096813527
1763983982.799872,114.16192307692307,114.15654061496099,114.15654061496099,114.12424260096911,114.11921077082782
1763983982.8002932,114.13459999999999,114.16192307692307,114.16192307692307,114.1298946723622,114.12694159198088
1763983992.5965319,114.27743943099254,114.1600807245184,114.17562710644896,114.13442258018563,114.13293969253401
1763984002.574433,114.1283870967742,114.20902150537634,114.16583960573476,114.14561241896423,114.14671031139906
1763984002.679133,114.13882352941175,114.1283870967742,114.13903225806452,114.14302862063573,114.14339385513239
1763984002.7805288,114.14286998967046,114.13882352941175,114.15176470588237,114.14239785695213,114.142566637546
1763984034.073083,114.14929648241207,114.20877917896429,114.16559699490205,114.15235505525396,114.15455094283388
1763984087.650059,114.15280000000001,114.10920930232558,114.08004651162791,114.1458831923147,114.14634421869273
1763984106.7392378,114.15046511627907,114.1738996763754,114.17389967637541,114.1500856649238,114.15133168798695
1763984106.897109,114.16558139534884,114.15046511627907,114.15046511627907,114.15014258262708,114.15117484066349
1763984113.3917718,114.14172413793102,114.16558139534884,114.1806976744186,114.15245840453535,114.15378239122411
1763984220.794261,114.08347180109156,114.06452236125048,114.05811014795403,114.13926799804261,114.13762654784013
1763984220.800265,114.03692307692306,114.08347180109156,114.08347180109156,114.13089856849996,114.12782467339277
1763984220.922561,114.07666666666667,114.03692307692306,114.03692307692306,114.11680224476342,114.11137171055653
1763984221.8141341,114.00676523529701,114.07666666666667,114.07666666666668,114.11078190804889,114.10509018394396
1763984243.216636,113.95821076573164,114.00912371134022,113.99494845360825,114.0955331785426,114.08772049112673
1763984281.509813,113.9774358974359,114.02000000000001,114.01142857142858,114.0842032017612,114.07546325069276
1763984283.582648,114.03730769230768,114.00424242424243,114.01939393939395,114.07220908513338,114.06257245827258
1763984283.6029718,114.02901007116043,114.03730769230768,114.05692307692306,114.06697387620952,114.057999598481
1763984349.616317,114.02181818181818,114.03065088757397,114.06153846153846,114.06152542791418,114.05304954983887
1763984420.0597498,114.03,114.03701754385963,114.04842105263157,114.05784924530599,114.05014779663749
1763984423.6391418,113.98961846855406,114.03,114.03,114.05367185851009,114.0465010955653
1763984425.777719,113.99083333333331,113.98961846855406,113.98961846855406,114.04406385001667,114.03620548157622
1763984425.827638,114.005,113.99083333333331,113.99083333333331,114.03607927251417,114.02799323561099
1763984426.027694,114.01248091603053,114.005,114.005,114.03141738163706,114.02383151716286
1763984427.0772831,113.99181818181818,113.97818181818182,113.97818181818182,114.02343204711877,114.01556903520446
1763984438.387837,114.02000000000002,114.01378378378381,114.00891891891892,114.02198480761852,114.01524590913827
1763984438.4029582,114.01939393939394,114.02000000000002,114.012,114.02168708647574,114.01610638775809
1763984439.001709,114.02771494965144,114.01939393939394,114.01939393939394,114.02134311441347,114.01670142642614
1763984475.8806279,114.1066379310345,114.06700200871667,114.07306518879047,114.02819194855894,114.02580570669413
